{
  "CATALOG" : {
    "CD" : [
      {
        "TITLE"   : "Empire Burlesque",
        "ARTIST"  : "Bob Dylan",
        "COUNTRY" : "USA",
        "COMPANY" : "Columbia",
        "PRICE"   : "10.90",
        "YEAR"    : "1985"
      },
      {
        "TITLE"   : "Hide your heart",
        "ARTIST"  : "Bonnie Tyler",
        "COUNTRY" : "UK",
        "COMPANY" : "CBS Records",
        "PRICE"   : "9.90",
        "YEAR"    : "1988"
      },
      {
        "TITLE"   : "Greatest Hits",
        "ARTIST"  : "Dolly Parton",
        "COUNTRY" : "USA",
        "COMPANY" : "RCA",
        "PRICE"   : "9.90",
        "YEAR"    : "1982"
      },
      {
        "TITLE"   : "Still got the blues",
        "ARTIST"  : "Gary Moore",
        "COUNTRY" : "UK",
        "COMPANY" : "Virgin records",
        "PRICE"   : "10.20",
        "YEAR"    : "1990"
      },
      {
        "TITLE"   : "Eros",
        "ARTIST"  : "Eros Ramazzotti",
        "COUNTRY" : "EU",
        "COMPANY" : "BMG",
        "PRICE"   : "9.90",
        "YEAR"    : "1997"
      },
      {
        "TITLE"   : "One night only",
        "ARTIST"  : "Bee Gees",
        "COUNTRY" : "UK",
        "COMPANY" : "Polydor",
        "PRICE"   : "10.90",
        "YEAR"    : "1998"
      },
      {
        "TITLE"   : "Sylvias Mother",
        "ARTIST"  : "Dr.Hook",
        "COUNTRY" : "UK",
        "COMPANY" : "CBS",
        "PRICE"   : "8.10",
        "YEAR"    : "1973"
      },
      {
        "TITLE"   : "Maggie May",
        "ARTIST"  : "Rod Stewart",
        "COUNTRY" : "UK",
        "COMPANY" : "Pickwick",
        "PRICE"   : "8.50",
        "YEAR"    : "1990"
      },
      {
        "TITLE"   : "Romanza",
        "ARTIST"  : "Andrea Bocelli",
        "COUNTRY" : "EU",
        "COMPANY" : "Polydor",
        "PRICE"   : "10.80",
        "YEAR"    : "1996"
      },
      {
        "TITLE"   : "When a man loves a woman",
        "ARTIST"  : "Percy Sledge",
        "COUNTRY" : "USA",
        "COMPANY" : "Atlantic",
        "PRICE"   : "8.70",
        "YEAR"    : "1987"
      },
      {
        "TITLE"   : "Black angel",
        "ARTIST"  : "Savage Rose",
        "COUNTRY" : "EU",
        "COMPANY" : "Mega",
        "PRICE"   : "10.90",
        "YEAR"    : "1995"
      },
      {
        "TITLE"   : "1999 Grammy Nominees",
        "ARTIST"  : "Many",
        "COUNTRY" : "USA",
        "COMPANY" : "Grammy",
        "PRICE"   : "10.20",
        "YEAR"    : "1999"
      },
      {
        "TITLE"   : "For the good times",
        "ARTIST"  : "Kenny Rogers",
        "COUNTRY" : "UK",
        "COMPANY" : "Mucik Master",
        "PRICE"   : "8.70",
        "YEAR"    : "1995"
      },
      {
        "TITLE"   : "Big Willie style",
        "ARTIST"  : "Will Smith",
        "COUNTRY" : "USA",
        "COMPANY" : "Columbia",
        "PRICE"   : "9.90",
        "YEAR"    : "1997"
      },
      {
        "TITLE"   : "Tupelo Honey",
        "ARTIST"  : "Van Morrison",
        "COUNTRY" : "UK",
        "COMPANY" : "Polydor",
        "PRICE"   : "8.20",
        "YEAR"    : "1971"
      },
      {
        "TITLE"   : "Soulsville",
        "ARTIST"  : "Jorn Hoel",
        "COUNTRY" : "Norway",
        "COMPANY" : "WEA",
        "PRICE"   : "7.90",
        "YEAR"    : "1996"
      },
      {
        "TITLE"   : "The very best of",
        "ARTIST"  : "Cat Stevens",
        "COUNTRY" : "UK",
        "COMPANY" : "Island",
        "PRICE"   : "8.90",
        "YEAR"    : "1990"
      },
      {
        "TITLE"   : "Stop",
        "ARTIST"  : "Sam Brown",
        "COUNTRY" : "UK",
        "COMPANY" : "A and M",
        "PRICE"   : "8.90",
        "YEAR"    : "1988"
      },
      {
        "TITLE"   : "Bridge of Spies",
        "ARTIST"  : "T'Pau",
        "COUNTRY" : "UK",
        "COMPANY" : "Siren",
        "PRICE"   : "7.90",
        "YEAR"    : "1987"
      },
      {
        "TITLE"   : "Private Dancer",
        "ARTIST"  : "Tina Turner",
        "COUNTRY" : "UK",
        "COMPANY" : "Capitol",
        "PRICE"   : "8.90",
        "YEAR"    : "1983"
      },
      {
        "TITLE"   : "Midt om natten",
        "ARTIST"  : "Kim Larsen",
        "COUNTRY" : "EU",
        "COMPANY" : "Medley",
        "PRICE"   : "7.80",
        "YEAR"    : "1983"
      },
      {
        "TITLE"   : "Pavarotti Gala Concert",
        "ARTIST"  : "Luciano Pavarotti",
        "COUNTRY" : "UK",
        "COMPANY" : "DECCA",
        "PRICE"   : "9.90",
        "YEAR"    : "1991"
      },
      {
        "TITLE"   : "The dock of the bay",
        "ARTIST"  : "Otis Redding",
        "COUNTRY" : "USA",
        "COMPANY" : "Atlantic",
        "PRICE"   : "7.90",
        "YEAR"    : "1987"
      },
      {
        "TITLE"   : "Picture book",
        "ARTIST"  : "Simply Red",
        "COUNTRY" : "EU",
        "COMPANY" : "Elektra",
        "PRICE"   : "7.20",
        "YEAR"    : "1985"
      },
      {
        "TITLE"   : "Red",
        "ARTIST"  : "The Communards",
        "COUNTRY" : "UK",
        "COMPANY" : "London",
        "PRICE"   : "7.80",
        "YEAR"    : "1987"
      },
      {
        "TITLE"   : "Unchain my heart",
        "ARTIST"  : "Joe Cocker",
        "COUNTRY" : "USA",
        "COMPANY" : "EMI",
        "PRICE"   : "8.20",
        "YEAR"    : "1987"
      }
    ]
  }
}
