<?xml version="1.0" encoding="UTF-8"?>
<beans xmlns="http://www.springframework.org/schema/beans"
	xmlns:xsi="http://www.w3.org/2001/XMLSchema-instance"
	xsi:schemaLocation="http://www.springframework.org/schema/beans
   http://www.springframework.org/schema/beans/spring-beans.xsd">

	<bean factory-method="makeCar" class="CarFactory" id="car1">
		<constructor-arg value="Sonata" />
		<constructor-arg value="2010" />
		<constructor-arg value="Hyundai" />
	</bean>

	<bean factory-method="makeCar" class="CarFactory" id="car2">
		<constructor-arg value="Tucson" />
		<constructor-arg value="2009" />
	</bean>

	<bean factory-method="makeCar" class="CarFactory" id="car3">
		<constructor-arg value="soul" />
		<constructor-arg value="2018" />
		<constructor-arg value="Kia" />
	</bean>
</beans>