<?xml version="1.0" encoding="UTF-8"?>
<beans xmlns="http://www.springframework.org/schema/beans"
    xmlns:xsi="http://www.w3.org/2001/XMLSchema-instance"
    xsi:schemaLocation="http://www.springframework.org/schema/beans
        http://www.springframework.org/schema/beans/spring-beans.xsd">


<bean id="car1" class="myPackage.CarFactory" factory-method="makeCar">
    <constructor-arg value="Sonata"/>
    <constructor-arg value="2010"/>
</bean>

<bean id="car2" class="myPackage.CarFactory" factory-method="makeCar">
    <constructor-arg value="Avante"/>
    <constructor-arg value="2013"/>
    <constructor-arg value="Hyundae"/>
</bean>

<bean id="car3" class="myPackage.CarFactory" factory-method="makeCar">
    <constructor-arg value="A6"/>
    <constructor-arg value="2015"/>
    <constructor-arg value="Audi2"/>
</bean>

<bean id="car4" class="myPackage.CarFactory" factory-method="makeCar">
    <constructor-arg value="R8"/>
    <constructor-arg value="2017"/>
</bean>

<bean id="employee1" class="myPackage.Employee">
    <constructor-arg value="1234"/>
    <constructor-arg value="PingBall"/>
    <constructor-arg>
    	<list>
    		<ref bean = "car1" />
    		<ref bean = "car2" />
    		<ref bean = "car3" />
    	</list>
    </constructor-arg>
</bean>

<bean id="employee2" class="myPackage.Employee">
    <constructor-arg value="2345"/>
    <constructor-arg value="Gray"/>
    <constructor-arg>
    	<list>
    		<ref bean = "car4" />
    	</list>
    </constructor-arg>
</bean>

<bean id="employee3" class="myPackage.Employee">
	<property name="id" value="3456"/>
    <property name="name" value="Ajax"/>
    <property name="cars">
    	<list>
   	 		<ref bean="car1" />
			<ref bean="car2" />
		</list>
    </property>
</bean>

<bean id="employee4" class="myPackage.Employee">
	<property name="id" value="4567"/>
    <property name="name" value="Jobs"/>
    <property name="cars">
    	<list>
   	 		<ref bean="car1" />
			<ref bean="car4" />
		</list>
    </property>
</bean>
</beans>
